32135.804436115857;(Math.min(((Dc/((Dcn-Din)-Dc))+((Dc/((Dcn-Din)-0.6))+(-((Dcn-(Math.min(Din,(Dc-Dcn)))))))),(((-((Dcn-Din)))+(Math.min((Math.min(Din,(Dc-Dcn))),Din)))-Dcn)));Math.min + - / + + Dcn Dc - / - - Math.min null null null null - Dc Dc - - null - null Math.min Din null null null null null null null null Dcn Din null null null null - 0.6 Dcn Math.min null null Dcn Din null null Din - null null null null null null null null null null null null null null null null null null null null null null null null null null null null null null Dcn Din null null null null Din - null null null null null null null null null null null null null null Dc Dcn null null null null null null null null null null null null null null null null null null null null null null null null null null null null null null null null null null null null null null null null null null null null null null null null null null null null null null null null null null null null null null null null null null null null null null null null null null Dc Dcn null null null null null null null null null null null null null null null null null null null null null null null null null null null null null null null null null null null null null null null null null null null null null null null null null null null null null null null null null null null null null null null null null null null null null null null null 
32163.466758243605;(Din+((((Math.max(Dc,0.2))+Din)*(((Math.max(Dc,Dcn))+Din)*((Dc-Dcn)-Dcn)))/(Math.min((Math.log((Math.max(Dcn,0.2)))),0.4))));+ Din / null null * Math.min null null null null + * Math.log 0.4 null null null null null null null null Math.max Din + - Math.max null null null null null null null null null null null null null null null null null null null Dc 0.2 null null Math.max Din - Dcn Dcn 0.2 null null null null null null null null null null null null null null null null null null null null null null null null null null null null null null null null null null null null null null null null null null null null null null Dc Dcn null null Dc Dcn null null null null null null null null null null null null null null null null null null null null null null null null null null null null null null null null null null null null null null null null null null null null null null null null null null null null null null null null null null null null null null null null null null null null null null null null null null null null null null null null null null null null null null null null null null null null null null null null null null null null null null null null null null null null null null null null null null null null null null null null null null null null null null null null null null null null null null null null null null null null null null null null null null 
32353.349465559288;((Math.min(((((Math.min(Din,Dc))-(Math.max(Dc,Din)))+(Math.max(0.8,(Dcn-(Math.min(Din,Dc))))))-((Dc-(-(Dcn)))/(Dcn+Dcn))),0))-(Math.max((Dcn-(((Math.min(Din,Din))-(Math.max(Din,Dcn)))+(-(Dcn)))),0)));- Math.min Math.max - null - null + / null null Dcn + null null - Math.max - + null null null null null null - - null null null null Math.min Math.max 0.8 - Dc - Dcn Dcn null null null null null null null null null null null null Math.min Math.max Dcn null null null null null null null null null Din Dc Dc Din null null Dcn Math.min null null Dcn null null null null null null null null null null null null null null null null null null null null null null null null null null null null null Din Din Din Dcn null null null null null null null null null null null null null null null null null null null null null null null null null null null null null null null null null null Din Dc null null null null null null null null null null null null null null null null null null null null null null null null null null null null null null null null null null null null null null null null null null null null null null null null null null null null null null null null null null null null null null null null null null null null null null null null null null null null null null null null null null null null null null null null null null null null null null null null null null null null null null null null null null null null null null null null 
32279.96852879902;(((0.5*(Math.max(Dc,0.5)))+(-((Math.max((Math.max(Dc,Din)),Din)))))+(((0.6*(0.1*(Math.max(Dc,Din))))/Dcn)-Dcn));+ + - * - / Dcn 0.5 Math.max Math.max null * Dcn null null null null Dc 0.5 Math.max Din null null 0.6 * null null null null null null null null null null null null null null Dc Din null null null null null null null null 0.1 Math.max null null null null null null null null null null null null null null null null null null null null null null null null null null null null null null null null null null null null null null null null null null null null null null null null null null Dc Din null null null null null null null null null null null null null null null null null null null null null null null null null null null null null null null null null null null null null null null null null null null null null null null null null null null null null null null null null null null null null null null null null null null null null null null null null null null null null null null null null null null null null null null null null null null null null null null null null null null null null null null null null null null null null null null null null null null null null null null null null null null null null null null null null null null null null null null null null null null null null null null null null null null null null null null null 
32294.12716561027;((1.0*(Math.min(Din,(Dcn-(((Dcn+0.1)+(Dcn-1.0))-Dc)))))+(Math.min(((Dc/(Dcn-1.0))-(Dcn-1.0)),((Dcn/(Dcn-Dc))-Dcn))));+ * Math.min 1.0 Math.min - - null null Din - / - / Dcn null null null null null null Dcn - Dc - Dcn 1.0 Dcn - null null null null null null null null null null null null null null null null + Dc null null Dcn 1.0 null null null null null null Dcn Dc null null null null null null null null null null null null null null null null null null null null null null null null null null null null null null null null + - null null null null null null null null null null null null null null null null null null null null null null null null null null null null null null null null null null null null null null null null null null null null null null null null null null null null null null null null null null null null null null null null null null null null null null null null null null null null null null null null null null null null null null null null null null Dcn 0.1 Dcn 1.0 null null null null null null null null null null null null null null null null null null null null null null null null null null null null null null null null null null null null null null null null null null null null null null null null null null null null null null null null null null null null null null null null null null null null 
32162.23787833998;((Math.min((Din+(-(Dcn))),((Dc*0.6)+(-(Dcn)))))+((Math.max((0.1*Dcn),(Math.min(0.7,0.1))))+(Math.min((Math.min(((Dc/(Din-0.8))-(Math.max((-(Din)),Din))),0.1)),(Math.max((-(Dcn)),(Math.min((Din+(-(Dcn))),0.8))))))));+ Math.min + + + Math.max Math.min Din - * - * Math.min Math.min Math.max null null Dcn null Dc 0.6 Dcn null 0.1 Dcn 0.7 0.1 - 0.1 - Math.min null null null null null null null null null null null null null null null null null null null null null null null null / Math.max null null Dcn null + 0.8 null null null null null null null null null null null null null null null null null null null null null null null null null null null null null null null null null null null null null null null null null null null null null null null null Dc - - Din null null null null null null null null Din - null null null null null null null null null null null null null null null null null null null null null null null null null null null null null null null null null null null null null null null null null null null null null null null null null null null null null null null null null null null null null null null null null null null null null null null null null null null null null null null null null null null null null null null null null null null null null null null null null null null null Din 0.8 Din null null null null null null null null null null null null null null null null null null null null null Dcn null null null null null 
32462.795503357258;((((Dc-Dc)+((0.2*Dcn)-0.2))/0.5)+(((Math.max((Dc-(Dcn-(Dc-Dcn))),0.4))/((Dc-Dc)+((0.2*Dcn)-0.2)))-(Dcn-((Dc-(Dcn-Dc))-Dcn))));+ / - + 0.5 / - - - null null Math.max + Dcn - Dc Dc * 0.2 null null null null - 0.4 - - null null - Dcn null null null null 0.2 Dcn null null null null null null null null null null Dc - null null Dc Dc * 0.2 null null null null Dc - null null null null null null null null null null null null null null null null null null null null null null null null null null null null null null null null null null null null Dcn - null null null null null null null null 0.2 Dcn null null null null null null null null null null null null Dcn Dc null null null null null null null null null null null null null null null null null null null null null null null null null null null null null null null null null null null null null null null null null null null null null null null null null null null null null null null null null null null null null null null null null null null null null null null null null null Dc Dcn null null null null null null null null null null null null null null null null null null null null null null null null null null null null null null null null null null null null null null null null null null null null null null null null null null null null null null null null 
32297.45294469548;((((Math.min((Dc-Dcn),Din))-Dcn)-(Dc/(0.5-Dcn)))-(Math.max((Dc/Din),(Dc/(Dc-Dcn)))));- - Math.max - / / / Math.min Dcn Dc - Dc Din Dc - - Din null null null null 0.5 Dcn null null null null null null Dc Dcn Dc Dcn null null null null null null null null null null null null null null null null null null null null null null null null null null null null null null null null null null null null null null null null null null null null null null null null null null null null null null null null null null null null null null null null null null null null null null null null null null null null null null null null null null null null null null null null null null null null null null null null null null null null null null null null null null null null null null null null null null null null null null null null null null null null null null null null null null null null null null null null null null null null null null null null null null null null null null null null null null null null null null null null null null null null null null null null null null null null null null null null null null null null null null null null null null null null null null null null null null null null null null null null null null null null null null null null null null null null null null null null null null null null null null 
32288.152382274973;((Math.min((((Din/0.6)+(Dc-Dcn))*(1.0+1.0)),((0.2*(Math.pow(Din,2)))-Dc)))-((0.6/((Math.sqrt(((Din/0.6)+(Dc-Dcn))))-(0.5+Dc)))+(Dcn-(((Dcn+(0.2+Dc))+1.0)/Dcn))));- Math.min + * - / - + + * Dc 0.6 - Dcn / / - 1.0 1.0 0.2 Math.pow null null null null Math.sqrt + null null + Dcn Din 0.6 Dc Dcn null null null null null null Din null null null null null null null null null + null 0.5 Dc null null null null + 1.0 null null null null null null null null null null null null null null null null null null null null null null null null null null null null null null null null null null null null null null null null null null / - null null null null null null null null null null null null null null Dcn + null null null null null null null null null null null null null null null null null null null null null null null null null null null null null null null null null null null null null null null null null null null null null null null null null null null null null null null null null null null null null null null null null null null null null null null null null null null null null null null null null null null null null null Din 0.6 Dc Dcn null null null null null null null null null null null null null null null null null null null null null null null null null null null null null null 0.2 Dc null null null null null null null null null null null null 
32304.521453999543;(((Math.min(0.3,(Dc+(((0.0-Dcn)-(Math.max(Dc,Din)))-(Dcn+(Math.max(Din,Dc)))))))+(Math.max(Dcn,Dc)))+(((Din-Dcn)-(Math.max((0.5-Dc),(Math.max(Dc,(Math.max(Dcn,Din)))))))-(Dcn+(Math.max((Math.max((Math.max(0.0,(Math.max(0.0,Dc)))),Din)),Dc)))));+ + - Math.min Math.max - + 0.3 + Dcn Dc - Math.max Dcn Math.max null null Dc - null null null null Din Dcn - Math.max null null Math.max Dc null null null null null null - + null null null null null null null null null null null null 0.5 Dc Dc Math.max null null null null Math.max Din null null null null null null null null null null null null null null - Math.max Dcn Math.max null null null null null null null null null null null null null null null null null null null null null null null null null null null null null null Dcn Din null null null null null null null null 0.0 Math.max null null null null null null null null null null null null null null null null null null null null null null null null null null null null null null 0.0 Dcn Dc Din null null Din Dc null null null null null null null null null null null null null null null null null null null null null null null null null null null null null null null null null null null null null null null null null null null null null null null null null null null null null null null null null null null null null null null null null null null null null null null null null null null null null null null null null null 0.0 Dc null null null null null null null null null null null null 
32160.013346678745;(((Math.min(Din,(Math.min((Math.min(Din,(Math.min(Din,(Dc-Dcn))))),(Dc-Dcn)))))-((Dc/Dcn)+Dcn))-(Math.max(Din,(Dc-((0.2/0.2)-((0.8-0.5)*((Math.max(Dc,Dcn))-Din)))))));- - Math.max Math.min + Din - Din Math.min / Dcn null null Dc - null null Math.min - Dc Dcn null null null null null null null null / * null null null null Din Math.min Dc Dcn null null null null null null null null null null null null null null null null null null null null 0.2 0.2 - - null null null null null null null null null null Din - null null null null null null null null null null null null null null null null null null null null null null null null null null null null null null null null null null null null null null null null null null null null null null null null 0.8 0.5 Math.max Din null null null null null null null null null null null null null null null null null null null null null null Dc Dcn null null null null null null null null null null null null null null null null null null null null null null null null null null null null null null null null null null null null null null null null null null null null null null null null null null null null null null null null null null null null null null null null null null null null null null null null null null null null null null null null null null null null null null null null null null null null null null null null null null null null Dc Dcn null null 
32109.09641569973;(((Math.min((Dc-Din),(Math.min((Dc-Din),((Din-(Dc-Din))-(0.5-Dcn))))))-Dcn)-(Math.min(Dcn,(Math.max(Din,(Dcn-Din))))));- - Math.min Math.min Dcn Dcn Math.max - Math.min null null null null Din - Dc Din - - null null null null null null null null null null Dcn Din null null null null Dc Din - - null null null null null null null null null null null null null null null null null null null null null null null null null null null null null null null null null null null null Din - 0.5 Dcn null null null null null null null null null null null null null null null null null null null null null null null null null null null null null null null null null null null null null null null null null null null null null null null null null null null null null null null null null null null null null null null null null null null null null null null null null null Dc Din null null null null null null null null null null null null null null null null null null null null null null null null null null null null null null null null null null null null null null null null null null null null null null null null null null null null null null null null null null null null null null null null null null null null null null null null null null null null null null null null null null null null null null null null null null null null null null null null null null null null 
32585.339523112423;(((0.8-Dcn)+(Math.max(Dcn,Dc)))-((Dc/(Math.max(((Dcn-Dcn)+(0.8+Dcn)),(Dc/Dcn))))+Dcn));- + + - Math.max / Dcn 0.8 Dcn Dcn Dc Dc Math.max null null null null null null null null null null null null + / null null null null null null null null null null null null null null null null null null null null null null null null - + Dc Dcn null null null null null null null null null null null null null null null null null null null null null null null null null null null null null null null null null null null null null null null null null null null null null null null null Dcn Dcn 0.8 Dcn null null null null null null null null null null null null null null null null null null null null null null null null null null null null null null null null null null null null null null null null null null null null null null null null null null null null null null null null null null null null null null null null null null null null null null null null null null null null null null null null null null null null null null null null null null null null null null null null null null null null null null null null null null null null null null null null null null null null null null null null null null null null null null null null null null null null null null null null null null null null null null null null null null null null 
31901.500746338916;(((0.2+Dc)-(Math.max((((Math.max((Dc-Din),0))+(Dcn+(Dcn-Din)))+((Dc-Din)+(Dcn-Din))),(Math.max(Dcn,0)))))-(Math.max(Dcn,(Math.max(((Math.max(((Dc-Din)+Dcn),Dcn))-Din),0)))));- - Math.max + Math.max Dcn Math.max 0.2 Dc + Math.max null null - null null null null null + + Dcn null null null null null Math.max Din null null null null null null null null null null Math.max + - - null null null null null null null null null null null null + Dcn null null null null null null null null null null null null null null null null null null null null null null - null Dcn - Dc Din Dcn Din null null null null null null null null null null null null null null null null null null null null null null null null - Dcn null null null null null null null null null null null null null null null null null null null null null null null null null null null null null null null null null null null null null null null null null null null null null null Dc Din null null null null Dcn Din null null null null null null null null null null null null null null null null null null null null null null null null null null null null null null null null null null null null null null null null null null null null null null null null null null null null null null null null Dc Din null null null null null null null null null null null null null null null null null null null null null null null null null null null null null null 
32168.020811663966;(((-(((Dcn-Din)-(Math.sqrt(Dcn)))))+(Math.min((0.5-(1.0+(0.9-Dc))),(Math.max((Dcn*((Math.max(0.1,Dcn))-Dc)),(Math.min((Din-(0.7-Dcn)),(Din*Din))))))))-(Math.max(Dcn,((Dcn*0.8)+(Math.sqrt((Math.max(Dc,Dc))))))));- + Math.max - Math.min Dcn + - null - Math.max null null * Math.sqrt - Math.sqrt null null 0.5 + * Math.min null null null null Dcn 0.8 Math.max null Dcn Din Dcn null null null null null null null 1.0 - Dcn - - * null null null null null null null null null null null null Dc Dc null null null null null null null null null null null null null null null null null null null null null null null null 0.9 Dc null null Math.max Dc Din - Din Din null null null null null null null null null null null null null null null null null null null null null null null null null null null null null null null null null null null null null null null null null null null null null null null null null null null null null null null null null null null null null null null null null null null null null null null null null null null null null null null null null null null null 0.1 Dcn null null null null 0.7 Dcn null null null null null null null null null null null null null null null null null null null null null null null null null null null null null null null null null null null null null null null null null null null null null null null null null null null null null null null null null null null null null null null null null null null null 
33052.12487082892;((Math.max((Math.min((Math.exp(Din)),Dc)),(Dc-Dcn)))+(((((Dc/Dcn)-Dcn)-Dcn)+((Din-Dcn)/Dcn))-(Dcn+(-(Dc)))));+ Math.max - Math.min - + + Math.exp Dc Dc Dcn - / Dcn - Din null null null null null null null - Dcn - Dcn null null Dc null null null null null null null null null null null null null null null null null / Dcn null null Din Dcn null null null null null null null null null null null null null null null null null null null null null null null null null null null null null null null null null null null null null null null null null null Dc Dcn null null null null null null null null null null null null null null null null null null null null null null null null null null null null null null null null null null null null null null null null null null null null null null null null null null null null null null null null null null null null null null null null null null null null null null null null null null null null null null null null null null null null null null null null null null null null null null null null null null null null null null null null null null null null null null null null null null null null null null null null null null null null null null null null null null null null null null null null null null null null null null null null null null null null null null null null null null null null null null 
32304.521453999543;((Math.min((Dcn+Din),((Math.min(Din,Dc))-((Math.max((Math.min(Dc,Dc)),(Math.max((Math.min(Dcn,Dcn)),Din))))+(Math.min(Dcn,Dc))))))-(Dc+(((Math.min(Dcn,Dcn))-((Math.min(Din,Dc))-((Math.max(Dc,Din))+(Math.min(Dcn,Dcn)))))-(Dc-Dcn))));- Math.min + + - Dc - Dcn Din Math.min + null null - - null null null null Din Dc Math.max Math.min null null null null Math.min - Dc Dcn null null null null null null null null null null null null Math.min Math.max Dcn Dc null null null null null null null null Dcn Dcn Math.min + null null null null null null null null null null null null null null null null null null null null null null null null null null null null Dc Dc Math.min Din null null null null null null null null null null null null null null null null null null null null null null null null Din Dc Math.max Math.min null null null null null null null null null null null null null null null null null null null null null null null null null null null null null null null null null null null null null null null null null null null null null null null null null null null null null null null null null null null null Dcn Dcn null null null null null null null null null null null null null null null null null null null null null null null null null null null null null null null null null null null null null null null null null null null null null null null null null null null null null null Dc Din Dcn Dcn null null null null null null null null null null null null null null null null 
32292.78575649489;(((Din+(Dc-((Math.max((Math.max(Dcn,Din)),Din))-(Din-Dcn))))-((Dc/(Math.max(0.3,(Din-Dcn))))-Dc))-(((Math.max(Dcn,Din))-((Math.min(Din,0.5))-Dcn))-(Math.min((Din-Dcn),(Math.max((0.9-Dcn),(Math.max(0.2,Din))))))));- - - + - - Math.min Din - / Dc Math.max - - Math.max null null Dc - Dc Math.max null null Dcn Din Math.min Dcn Din Dcn - Math.max null null null null null null Math.max - null null 0.3 - null null null null null null null null Din 0.5 null null null null null null 0.9 Dcn 0.2 Din null null null null null null null null null null null null Math.max Din Din Dcn null null null null null null Din Dcn null null null null null null null null null null null null null null null null null null null null null null null null null null null null null null null null null null null null null null null null null null null null null null null null null null null null null null null null null null null null null null null null Dcn Din null null null null null null null null null null null null null null null null null null null null null null null null null null null null null null null null null null null null null null null null null null null null null null null null null null null null null null null null null null null null null null null null null null null null null null null null null null null null null null null null null null null null null null null null null null null null null null null null null null null null null null 
32641.637683726516;(((0.7+Dc)-(((Dc-Dcn)/((Dcn/Dcn)+(Dcn+(Dcn+0.4))))+0.7))-(((((0.4+Dc)+Dc)/Dc)+Dcn)+(Dcn+((Dcn-(Dc-Dcn))/Dc))));- - + + + + + 0.7 Dc / 0.7 / Dcn Dcn / null null null null - + null null + Dc null null null null - Dc null null null null null null null null Dc Dcn / + null null null null + Dc null null null null null null null null null null Dcn - null null null null null null null null null null null null null null null null null null null null null null Dcn Dcn Dcn + null null null null null null null null 0.4 Dc null null null null null null null null null null null null null null null null null null null null null null null null Dc Dcn null null null null null null null null null null null null null null null null null null null null null null null null null null null null null null null null null null null null null null null null null null null null null null null null null null Dcn 0.4 null null null null null null null null null null null null null null null null null null null null null null null null null null null null null null null null null null null null null null null null null null null null null null null null null null null null null null null null null null null null null null null null null null null null null null null null null null null null null null null null 
32233.728023850657;((Math.max((Math.sqrt(Dc)),((Math.sqrt(Dc))/0.7)))-((((Math.max(Din,(Dc/(Math.exp(0.1)))))/0.7)+(Math.max((Dcn+Dcn),0)))-Dc));- Math.max - Math.sqrt / + Dc Dc null Math.sqrt 0.7 / Math.max null null null null null null Dc null null null Math.max 0.7 + null null null null null null null null null null null null null null null null null null null null null Din / null null Dcn Dcn null null null null null null null null null null null null null null null null null null null null null null null null null null null null null null null null null null null null null null null null null null null null Dc Math.exp null null null null null null null null null null null null null null null null null null null null null null null null null null null null null null null null null null null null null null null null null null null null null null null null null null null null null null null null null null null null null null null null null null null null null null null null null null null null null null null null null null null null null null null null null null null null null null null null null null 0.1 null null null null null null null null null null null null null null null null null null null null null null null null null null null null null null null null null null null null null null null null null null null null null null null null null null null null null null null null null 
32332.641793816227;((((Dc-Dcn)-Dcn)/((0.9+(Math.max((Dcn/Dcn),0)))-(Math.log((Math.sqrt((Math.min(0.7,0.9))))))))-(Math.max(Dc,Din)));- / Math.max - - Dc Din - Dcn + Math.log null null null null Dc Dcn null null 0.9 Math.max Math.sqrt null null null null null null null null null null null null null null null null null null null / null Math.min null null null null null null null null null null null null null null null null null null null null null null null null null null null null null null null null null null null null null null null Dcn Dcn null null 0.7 0.9 null null null null null null null null null null null null null null null null null null null null null null null null null null null null null null null null null null null null null null null null null null null null null null null null null null null null null null null null null null null null null null null null null null null null null null null null null null null null null null null null null null null null null null null null null null null null null null null null null null null null null null null null null null null null null null null null null null null null null null null null null null null null null null null null null null null null null null null null null null null null null null null null null null null null null null null null null null null null null null null null null null null null null null 
32546.631277250828;((((Dc-(Dc-Dcn))-Dcn)+((((Dc-Dcn)-(1.0+Dcn))+((Math.max(Dcn,(Dc-Dcn)))/(Dcn/(Math.max(0.4,0)))))-((0.4-0.4)/(0.4-Dcn))))-(((Math.max((Math.exp(Din)),(Dc-(Din-Dcn))))-(0.4/((Dc-0.7)-Dcn)))/((0.4/((Dc-0.7)-(1.0+Dcn)))-Dcn)));- + / - - - - - Dcn + / Math.max / / Dcn Dc - null null - / - - Math.exp - 0.4 - 0.4 - null null null null Dc Dcn null null null null - + Math.max / 0.4 0.4 0.4 Dcn Din null Dc - null null - Dcn null null - + null null null null null null null null null null null null null null null null null null null null Dc Dcn 1.0 Dcn Dcn - Dcn Math.max null null null null null null null null null null null null null null Din Dcn null null null null Dc 0.7 null null null null null null Dc 0.7 1.0 Dcn null null null null null null null null null null null null null null null null null null null null null null null null null null null null null null null null null null null null null null null null null null null null null null null null null null Dc Dcn null null 0.4 null null null null null null null null null null null null null null null null null null null null null null null null null null null null null null null null null null null null null null null null null null null null null null null null null null null null null null null null null null null null null null null null null null null null null null null null null null null null null null null null null 
32193.748130106338;((Math.min((Dc+(Dc+((Dc-Dcn)-Dcn))),((Math.min((((Dc-Dcn)-Dcn)+0.8),(Math.max(0.8,Din))))-((Dc+(Din+0.3))/(Din+0.3)))))-((Dc+(Din+(Dcn+(Din+(Din+0.8)))))/Dc));- Math.min / + - + Dc Dc + Math.min / Dc + null null null null Dc - + Math.max + + null null Din + null null null null null null null null null null - Dcn - 0.8 0.8 Din Dc + Din 0.3 null null null null null null Dcn + null null null null null null null null null null null null null null null null null null null null Dc Dcn null null - Dcn null null null null null null null null Din 0.3 null null null null null null null null null null null null null null null null null null Din + null null null null null null null null null null null null null null null null null null null null null null null null null null null null null null null null null null null null null null null null null null null null null null null null Dc Dcn null null null null null null null null null null null null null null null null null null null null null null null null null null null null null null null null null null null null null null null null null null null null null null null null null null null null null null null null null null null null Din 0.8 null null null null null null null null null null null null null null null null null null null null null null null null null null null null null null null null 
32575.321184159235;((Dc-(Math.max((Dcn+(Math.min(Dcn,Dcn))),0)))+((Dc-(Math.max((Dcn+Dcn),0)))/((((Dcn+Dc)/(Math.min(0.1,(Math.min(Dc,0.1)))))/(-((Math.max((Dcn+Dcn),0)))))+(0.1/(-(Dc))))));+ - / Dc Math.max - + null null + null Dc Math.max / / null null null null Dcn Math.min null null null null + null / - 0.1 - null null null null null null null null null null Dcn Dcn null null null null null null null null Dcn Dcn null null + Math.min Math.max null null null Dc null null null null null null null null null null null null null null null null null null null null null null null null null null null null null null null null null null null null null null null null null null null null null null null null null Dcn Dc 0.1 Math.min + null null null null null null null null null null null null null null null null null null null null null null null null null null null null null null null null null null null null null null null null null null null null null null null null null null null null null null null null null null null null null null null null null null null null null null null null null null null null null null null null null null null null null null null null null null null null null null null null null null null null null null null null null null null null null null null null null Dc 0.1 Dcn Dcn null null null null null null null null null null null null null null null null null null null null null null 
32354.485398924528;(((Math.min((Math.min((Dcn/Dcn),0.3)),(Dc-Dcn)))+((Math.min(Dc,Dc))/((Math.min((Dcn/0.6),0.6))-(0.3-Dcn))))-(Dcn+((((Math.min(Dcn,Din))-(0.3-Dcn))*(Math.min((Dcn/Dc),0.6)))-Dc)));- + + Math.min / Dcn - Math.min - Math.min - null null * Dc / 0.3 Dc Dcn Dc Dc Math.min - null null null null - Math.min null null Dcn Dcn null null null null null null null null null null / 0.6 0.3 Dcn null null null null null null null null Math.min - / 0.6 null null null null null null null null null null null null null null null null null null null null null null null null null null null null Dcn 0.6 null null null null null null null null null null null null null null null null null null null null null null Dcn Din 0.3 Dcn Dcn Dc null null null null null null null null null null null null null null null null null null null null null null null null null null null null null null null null null null null null null null null null null null null null null null null null null null null null null null null null null null null null null null null null null null null null null null null null null null null null null null null null null null null null null null null null null null null null null null null null null null null null null null null null null null null null null null null null null null null null null null null null null null null null null null null null null null null null null null null null null null 
32279.948943670344;((Math.min(Dc,Din))-((0.4*(Dc-(Math.min(((Math.min(Dc,Din))-Dc),(Math.min(Dc,Din))))))+Dcn));- Math.min + Dc Din * Dcn null null null null 0.4 - null null null null null null null null null null null null Dc Math.min null null null null null null null null null null null null null null null null null null null null null null null null null null - Math.min null null null null null null null null null null null null null null null null null null null null null null null null null null null null null null null null null null null null null null null null null null null null null null null null null null null null Math.min Dc Dc Din null null null null null null null null null null null null null null null null null null null null null null null null null null null null null null null null null null null null null null null null null null null null null null null null null null null null null null null null null null null null null null null null null null null null null null null null null null null null null null null null null null null null null null null null null null null null null null null null null null null null null null null null Dc Din null null null null null null null null null null null null null null null null null null null null null null null null null null null null null null null null null null null null null null 
32292.200447997522;((Math.min((Math.min((Math.min((Math.max((Dc*Din),(Dc-Dcn))),(Dc-Din))),Dcn)),Dcn))-((Math.max(Dc,(Dc-(Math.min((Math.min(Din,(Dc-Dcn))),(Math.min(Din,(Din-Dc))))))))-((Math.min(Dc,(Math.min((Dc-(Math.log(Dc))),(Dc-Dcn)))))-Dcn)));- Math.min - Math.min Dcn Math.max - Math.min Dcn null null Dc - Math.min Dcn Math.max - null null null null null null null null Dc Math.min Dc Math.min null null * - Dc Din null null null null null null null null null null null null null null null null null null Math.min Math.min null null - - null null null null Dc Din Dc Dcn null null null null null null null null null null null null null null null null null null null null null null null null null null null null null null null null null null null null null null null null Din - Din - null null null null Dc Math.log Dc Dcn null null null null null null null null null null null null null null null null null null null null null null null null null null null null null null null null null null null null null null null null null null null null null null null null null null null null null null null null null null null null null null null null null null null null null null null null null null null null null null null null null null null null null null null null null null null null null null null null null null Dc Dcn null null Din Dc null null null null null null null null null null Dc null null null null null null null null null null null null null null null null null null null null null 
32620.37710990973;((((Dc+(Dcn/Dcn))/(Dcn+(Dcn-0.6)))+(Dc-(Math.min(Dcn,Dc))))-(((Dc-0.3)/Dcn)+(Dcn-0.6)));- + + / - / - + + Dc Math.min - Dcn Dcn 0.6 Dc / Dcn - null null Dcn Dc Dc 0.3 null null null null null null null null Dcn Dcn null null Dcn 0.6 null null null null null null null null null null null null null null null null null null null null null null null null null null null null null null null null null null null null null null null null null null null null null null null null null null null null null null null null null null null null null null null null null null null null null null null null null null null null null null null null null null null null null null null null null null null null null null null null null null null null null null null null null null null null null null null null null null null null null null null null null null null null null null null null null null null null null null null null null null null null null null null null null null null null null null null null null null null null null null null null null null null null null null null null null null null null null null null null null null null null null null null null null null null null null null null null null null null null null null null null null null null null null null null null null null null null null null null null 
32530.430285080638;((((Math.max(Dc,Dc))-Dcn)-(Math.sqrt(((Math.max(Dcn,Dc))-(Math.max(Dcn,(Dcn/(Math.max(0.9,Dcn)))))))))-(Math.max(Dcn,((Math.max(Dcn,Dc))/(0.9-Dcn)))));- - Math.max - Math.sqrt Dcn / Math.max Dcn - null null null Math.max - Dc Dc null null Math.max Math.max null null null null null null Dcn Dc 0.9 Dcn null null null null null null null null Dcn Dc Dcn / null null null null null null null null null null null null null null null null null null null null null null null null null null null null null null null null null null null null null null null null null null Dcn Math.max null null null null null null null null null null null null null null null null null null null null null null null null null null null null null null null null null null null null null null null null null null null null null null null null null null null null null null null null null null null null null null null null null null null null null null null null null null null null null null null null null null null null null null 0.9 Dcn null null null null null null null null null null null null null null null null null null null null null null null null null null null null null null null null null null null null null null null null null null null null null null null null null null null null null null null null null null null null null null null null null null null null null null null null null null null null null null null null 
32069.366124708224;((Math.min(((((Math.min((Din*Dcn),Dc))-(Din+Dcn))+(Dc/((Dcn/Dcn)-Dcn)))-Din),((Math.min(Din,Dc))-Dc)))-Dcn);- Math.min Dcn - - null null + Din Math.min Dc null null null null - / null null Din Dc null null null null null null null null null null Math.min + Dc - null null null null null null null null null null null null null null null null null null null null null null null null null null null null * Dc Din Dcn null null / Dcn null null null null null null null null null null null null null null null null null null null null null null null null null null null null null null null null null null null null null null null null null null null null null null null null null null null null null null null null Din Dcn null null null null null null null null null null Dcn Dcn null null null null null null null null null null null null null null null null null null null null null null null null null null null null null null null null null null null null null null null null null null null null null null null null null null null null null null null null null null null null null null null null null null null null null null null null null null null null null null null null null null null null null null null null null null null null null null null null null null null null null null null null null null null null null null null null null null 
