- Math.min + + Dc Dcn Dcn - * null null null null null null Math.min Math.max Math.min / null null null null null null null null null null null null Math.min * Dcn Dc Din + Math.min Dcn null null null null null null null null null null null null null null null null null null null null null null null null Din Dc + 0.4 null null null null null null Dc Dc Din Dc null null null null null null null null null null null null null null null null null null null null null null null null null null null null null null null null null null null null null null null null null null null null null null null null null null null null null null Dc Din null null null null null null null null null null null null null null null null null null null null null null null null null null null null null null null null null null null null null null null null null null null null null null null null null null null null null null null null null null null null null null null null null null null null null null null null null null null null null null null null null null null null null null null null null null null null null null null null null null null null null null null null null null null null null null null null null null null null null null null null null null ;34398.35131123309;69832.60014721274;
Math.min Math.min Math.min - * - Din Din + - Math.max Math.min Math.pow null null null null Dc * * + Din Dcn Dcn Din Math.max null null null null null null null null null null null + Dc 0.5 Dc + Din null null null null null null null null Dcn Math.log null null null null null null null null null null null null null null null null null null null null null null Dcn Dcn null null null null null null Math.max Dcn null null null null null null null null null null null null null null null null null null null null Math.max null null null null null null null null null null null null null null null null null null null null null null null null null null null null null null null null null null null null null null null null null null null null null null null null null null null null null null null null null null null null null Din Dcn null null null null null null null null null null null null null null null null null null null null null null null null null null null null null null null null null null null null null null null null null null Dc Dc null null null null null null null null null null null null null null null null null null null null null null null null null null null null null null null null null null null null null null null null null null ;34479.227580079336;69855.31472383904;
- Math.min Math.min - - + Dcn / - Dc Dcn Dc * null null * Math.min Dc * null null null null null null * Math.max null null null null Din Din * Dcn null null 0.4 - null null null null null null null null null null null null Din Din Dc Dcn null null null null null null null null null null null null Din Din null null null null null null null null Dc Din null null null null null null null null null null null null null null null null null null null null null null null null null null null null null null null null null null null null null null null null null null null null null null null null null null null null null null null null null null null null null null null null null null null null null null null null null null null null null null null null null null null null null null null null null null null null null null null null null null null null null null null null null null null null null null null null null null null null null null null null null null null null null null null null null null null null null null null null null null null null null null null null null null null null null null null null null null null null null null null null null null null null null null null null null null null null null null null null ;34526.135246701204;69648.36814745422;
- - Math.max + Math.max Dcn Math.max 0.2 Dc + Math.max null null - null null null null null + + Dcn null null null null null Math.max Din null null null null null null null null null null Math.max + - - null null null null null null null null null null null null + Dcn null null null null null null null null null null null null null null null null null null null null null null - null Dcn - Dc Din Dcn Din null null null null null null null null null null null null null null null null null null null null null null null null - Dcn null null null null null null null null null null null null null null null null null null null null null null null null null null null null null null null null null null null null null null null null null null null null null null Dc Din null null null null Dcn Din null null null null null null null null null null null null null null null null null null null null null null null null null null null null null null null null null null null null null null null null null null null null null null null null null null null null null null null null Dc Din null null null null null null null null null null null null null null null null null null null null null null null null null null null null null null ;34533.17126168307;69718.99040416206;
- Math.min + - - Dcn Dcn Math.min + Math.min Dc null null null null Dc - Din Din Dc / null null null null null null null null null null null null 0.8 - null null null null null null Dcn - null null null null null null null null null null null null null null null null null null null null null null null null null null 0.8 Din null null null null null null null null null null null null null null Math.sqrt - null null null null null null null null null null null null null null null null null null null null null null null null null null null null null null null null null null null null null null null null null null null null null null null null null null null null null null null null null null null null null null null null null null null null null null null null null null null null null null null null null null null null 0.7 null 0.8 null null null null null null null null null null null null null null null null null null null null null null null null null null null null null null null null null null null null null null null null null null null null null null null null null null null null null null null null null null null null null null null null null null null null null null null null null null null null null null null null null ;34582.937405543635;69941.09721635735;
Math.min * - - Dc Math.max + Dcn + null null Dc Dc Math.max Dcn null null Math.max Dcn null null null null null null null null + + null null null null null null + 0.6 null null null null null null null null null null null null null null null null null null Math.max + Dcn Din null null null null null null null null null null null null * Dcn null null null null null null null null null null null null null null null null null null null null null null null null null null null null null null null null null null null null null null Din Math.pow Din Dcn null null null null null null null null null null null null null null null null null null null null null null null null null null null null 0.7 Dcn null null null null null null null null null null null null null null null null null null null null null null null null null null null null null null null null null null null null null null null null null null null null null null null null null null null null null null null null null null null null null null null null null null null null null null null null null null null null null null null null Din null null null null null null null null null null null null null null null null null null null null null null null null null null null null null ;34648.033444818786;69822.63035559954;
- Math.min Math.max - - - Math.max - null - Din Math.max Din 0.8 Dcn Dc - null null Dc Dcn null null Math.max null null null null null null null null null Din - null null null null null null null null null null null null * null null null null null null null null null null null null null null null null null null null null null Din null null null null null null null null null null null null null null null null null null null null null null null null null Dc 0.3 null null null null null null null null null null null null null null null null null null null null null null null null null null null null null null null null null null null null null null null null null null null null null null null null null null null null null null null null null null null null null null null null null null null null null null null null null null null null null null null null null null null null null null null null null null null null null null null null null null null null null null null null null null null null null null null null null null null null null null null null null null null null null null null null null null null null null null null null null null null null null null null null null null null null null null null null null null null null null null ;34648.350582269224;70315.53271348658;
Math.min Math.min Dcn Math.min Dcn null null Math.min - null null null null null null - - - Din null null null null null null null null null null null null - Dcn Din null Dc + null null null null null null null null null null null null null null null null null null null null null null null null null null Din Dc null null null null null null null null Dcn + null null null null null null null null null null null null null null null null null null null null null null null null null null null null null null null null null null null null null null null null null null null null null null null null null null null null null null null null null null null null null null null null null null null null null null null null null null Din Dcn null null null null null null null null null null null null null null null null null null null null null null null null null null null null null null null null null null null null null null null null null null null null null null null null null null null null null null null null null null null null null null null null null null null null null null null null null null null null null null null null null null null null null null null null null null null null null null null null null null null null null null null null ;34650.91873164459;70426.41378531112;
- + Math.max - / + 0.3 - Dcn Math.min Dc Dcn - null null - null null null + - null null null null + - null null null null Dcn Dc null null null null null null - Dcn 0.1 Dcn null null null null null null null null - / Dcn - null null null null null null null null null null null null null null null null null null null null null null null null Dcn Din null null null null null null null null null null null null null null null null null null null null null null Dc + Math.min Math.min null null - Din null null null null null null null null null null null null null null null null null null null null null null null null null null null null null null null null null null null null null null null null null null null null null null null null null null null null null null null null null null null null null null null null null null null null null null null null null null null null null null null null null null null null null null null null null null null null null null null null null null Dcn Din 0.9 Dc Dcn Dcn null null null null Dc Din null null null null null null null null null null null null null null null null null null null null null null null null null null null null null null null null null null ;34658.54115726673;70116.38828032828;
- Math.min / - - Dcn 0.9 Din Math.max - - null null null null null null - Dcn Dc Dcn Dc / null null null null null null null null null null null null Dc Din null null null null null null null null Dc 0.9 null null null null null null null null null null null null null null null null null null null null null null null null null null null null null null null null null null null null null null null null null null null null null null null null null null null null null null null null null null null null null null null null null null null null null null null null null null null null null null null null null null null null null null null null null null null null null null null null null null null null null null null null null null null null null null null null null null null null null null null null null null null null null null null null null null null null null null null null null null null null null null null null null null null null null null null null null null null null null null null null null null null null null null null null null null null null null null null null null null null null null null null null null null null null null null null null null null null null null null null null null null null null null null null null ;34670.484269181;70431.40887157395;
- - Math.min Math.min Dcn Dcn Math.max - Math.min null null null null Din - Dc Din - - null null null null null null null null null null Dcn Din null null null null Dc Din - - null null null null null null null null null null null null null null null null null null null null null null null null null null null null null null null null null null null null Din - 0.5 Dcn null null null null null null null null null null null null null null null null null null null null null null null null null null null null null null null null null null null null null null null null null null null null null null null null null null null null null null null null null null null null null null null null null null null null null null null null null null Dc Din null null null null null null null null null null null null null null null null null null null null null null null null null null null null null null null null null null null null null null null null null null null null null null null null null null null null null null null null null null null null null null null null null null null null null null null null null null null null null null null null null null null null null null null null null null null null null null null null null null null null ;34674.39103285374;69660.8902941383;
- Math.min Dcn - - null null + Din Math.min Dc null null null null - / null null Din Dc null null null null null null null null null null Math.min + Dc - null null null null null null null null null null null null null null null null null null null null null null null null null null null null * Dc Din Dcn null null / Dcn null null null null null null null null null null null null null null null null null null null null null null null null null null null null null null null null null null null null null null null null null null null null null null null null null null null null null null null null Din Dcn null null null null null null null null null null Dcn Dcn null null null null null null null null null null null null null null null null null null null null null null null null null null null null null null null null null null null null null null null null null null null null null null null null null null null null null null null null null null null null null null null null null null null null null null null null null null null null null null null null null null null null null null null null null null null null null null null null null null null null null null null null null null null null null null null null null null ;34689.87205170561;71539.29847723547;
Math.min - - Din + - + null null Math.max Math.min Dc - - Dcn null null null null Dc Math.min - Math.min null null Dcn / Din 0.6 null null null null null null null null null null null null Math.min + Dcn / Dcn Dc null null null null null null Dc Dcn null null null null null null null null null null null null null null null null null null null null null null null null null null null null Dcn Dc Dcn Dcn null null Din 0.8 null null null null null null null null null null null null null null null null null null null null null null null null null null null null null null null null null null null null null null null null null null null null null null null null null null null null null null null null null null null null null null null null null null null null null null null null null null null null null null null null null null null null null null null null null null null null null null null null null null null null null null null null null null null null null null null null null null null null null null null null null null null null null null null null null null null null null null null null null null null null null null null null null null null null null null null null null null null null null null null null null null null null ;34710.771532159124;70190.32153943273;
- - Math.max Math.min + Din - Din Math.min / Dcn null null Dc - null null Math.min - Dc Dcn null null null null null null null null / * null null null null Din Math.min Dc Dcn null null null null null null null null null null null null null null null null null null null null 0.2 0.2 - - null null null null null null null null null null Din - null null null null null null null null null null null null null null null null null null null null null null null null null null null null null null null null null null null null null null null null null null null null null null null null 0.8 0.5 Math.max Din null null null null null null null null null null null null null null null null null null null null null null Dc Dcn null null null null null null null null null null null null null null null null null null null null null null null null null null null null null null null null null null null null null null null null null null null null null null null null null null null null null null null null null null null null null null null null null null null null null null null null null null null null null null null null null null null null null null null null null null null null null null null null null null null null Dc Dcn null null ;34743.8310942202;72129.50603640244;
Math.min - + Math.min - - * * Dc Dcn - Math.min - Math.min 0.3 Dc 0.0 null null null null Dc Dcn - 0.7 Dcn + - + null null null null null null null null null null null null null null null null null null Din Math.max null null null null Din 0.5 Din - + * null null null null null null null null null null null null null null null null null null null null null null null null null null null null null null null null null null null null null null - Dc null null null null null null null null null null null null null null Dcn Dc Dcn 0.6 * 1.0 null null null null null null null null null null null null null null null null null null null null null null null null null null null null null null null null null null null null null null null null null null null null null null null null null null null null null null null null null null null null null null null null null null null null null null null null null null null null 0.5 Dc null null null null null null null null null null null null null null null null null null null null null null null null null null null null null null null null null null null null null null Dcn 1.0 null null null null null null null null null null null null null null null null null null ;34748.560189073025;69860.75942921416;
- - * Math.min - - Math.min Din Dc Math.max Math.min Math.min null - null null null null null Dc - - null 0.6 Dcn null null Din Dc null null null null null null null null null null null null Math.max Math.min Dcn null null null null null null null null null null null null null null null null null null null null null null null null null null null null null null null null null null null null null null null Din - - Dcn null null null null null null null null null null null null null null null null null null null null null null null null null null null null null null null null null null null null null null null null null null null null null null null null null null null null null null null null null null null null null null null null null null null null null null null null null null null null null null null null null null Dcn Din Dcn null null null null null null null null null null null null null null null null null null null null null null null null null null null null null null null null null null null null null null null null null null null null null null null null null null null null null null null null null null null null null null null null null null null null null null null null null null null null null null null null null null null ;34760.51844857633;70668.44768128241;
+ + + - - - Math.max Math.max Dcn - Dcn Din Math.max - Math.min Math.min Math.min null null Math.min Dcn null null null null Dcn Dc - Din - Math.min 1.0 Din Din Dc null null null null - - null null null null null null null null null null null null null null Dc Dcn null null Dc Dcn Din Dc null null null null null null null null null null null null null null null null + Din Din - null null null null null null null null null null null null null null null null null null null null null null null null null null null null null null null null null null null null null null null null null null null null null null null null null null null null null null null null null null null null null null null null null null null null null null null null null null null null Dc 0.5 null null null null Dc Dcn null null null null null null null null null null null null null null null null null null null null null null null null null null null null null null null null null null null null null null null null null null null null null null null null null null null null null null null null null null null null null null null null null null null null null null null null null null null null null null null null null null null null null null null null ;34766.82922249531;69831.63051304898;
- * Math.max - - Dcn * + - - + null null - - Dcn Dcn Dc Math.sqrt 0.8 + Din Dcn null null null null Din - 0.8 + null null null null null null Dc null null null Din Dcn null null null null null null null null null null null null null null Dc Dcn null null Dc Math.min null null null null null null null null null null null null null null null null null null null null null null null null null null null null null null null null null null null null null null null null null null null null null null null null null null null null null null null null null null null null null null Dc Dcn null null null null null null null null null null null null null null null null null null null null null null null null null null null null null null null null null null null null null null null null null null null null null null null null null null null null null null null null null null null null null null null null null null null null null null null null null null null null null null null null null null null null null null null null null null null null null null null null null null null null null null null null null null null null null null null null null null null null null null null null null null null null null null null null ;34787.580294038045;69986.35421174059;
- - Math.max Dc Dcn / Math.max null null null null - Math.max / Dcn null null null null null null null null - 1.0 - - - Math.max null null null null null null null null null null null null null null null null null null Dc - null null Dc Din Dcn Math.max - 1.0 0.6 - null null null null null null null null null null null null null null null null null null null null null null null null null null null null null null null null null null null null null null Math.max Math.max null null null null null null null null null null - Dcn Dc Din null null null null Dcn Dc null null null null null null null null null null null null null null null null null null null null null null null null null null null null null null null null null null null null null null null null null null null null null null null null null null null null null null null null null null null null null null null null null null null null null null null null null null null null 0.6 Dcn 0.6 Dcn null null null null null null null null null null null null null null null null null null null null Dc Dc null null null null null null null null null null null null null null null null null null null null null null null null null null null null null null null null null null ;34804.42209946621;70072.42961798252;
- - - Math.min + + Dc Math.max - Math.max + Dcn Math.sqrt null null Math.sqrt Dc Din Math.min Dcn Dc Dcn Math.max null null Math.max null null null null null Dc null null null null null Math.max - null null null null null null Din * null null null null + null null null null null null null null null null null null null null null null null null null null null null null 0.8 Din Dcn Din null null null null null null null null null null null null null null + - null null null null null null null null Dc Dc null null null null null null null null null null null null null null null null null null null null null null null null null null null null null null null null null null null null null null null null null null null null null null null null null null null null null null null null null null null null null null null null null null null null null null null null null null null null null null null null null null Dc Dc Dcn Din null null null null null null null null null null null null null null null null null null null null null null null null null null null null null null null null null null null null null null null null null null null null null null null null null null null null null null null null null null null null null null null null ;34816.54526489135;69964.30598104131;
/ - + - - Math.max + / Dcn Dcn Dc - null Math.max 0.2 Dc + null null null null null null Dc + null null - null null null null null / Din null null null null null null null null null null null null null null + Din null null null null / Dc null null null null null null null null null null 0.2 - null null null null null null null null null null null null null null null null null null null null null null null null null null null null null null 0.2 0.2 null null null null null null null null null null Din 0.6 null null null null null null null null null null null null null null null null null null null null null null null null 0.4 Dcn null null null null null null null null null null null null null null null null null null null null null null null null null null null null null null null null null null null null null null null null null null null null null null null null null null null null null null null null null null null null null null null null null null null null null null null null null null null null null null null null null null null null null null null null null null null null null null null null null null null null null null null null null null null null null null null null null null null null ;34817.9278349521;70330.52597746343;
+ Math.min 0.6 Math.min - null null / - - / null null null null - / / Dcn Math.max / Math.min Math.max null null null null null null null null Dc / 0.8 Math.min Dc / null null Math.max / Dcn 0.6 + - Math.sqrt Din null null null null null null null null null null null null null null null null null null Dcn 0.8 null null Dcn Dcn null null 0.8 Math.min null null null null 0.6 Din Dcn Dcn null null null null Math.min Dc / Dcn + null null null null null null null null null null null null null null null null null null null null null null null null null null null null null null null null null null null null null null null null null null null null null null null null null null null null null null null null null Dc 0.4 null null null null null null null null null null null null null null null null null null null null null null null null Dc 0.4 null null Dc 0.8 null null 0.6 0.3 null null null null null null null null null null null null null null null null null null null null null null null null null null null null null null null null null null null null null null null null null null null null null null null null null null null null null null null null null null null null null null null null null null null null null null ;34829.35769377292;69702.75964060037;
* - - Dcn Math.min / Math.sqrt null null - Dc - - + null null null null null Dc - null null - / Dcn * Math.max Din null null null null null null null null null null null null Dcn 0.8 null null null null Din Dc Dc / null null Math.exp Math.pow - null null null null null null null null null null null null null null null null null null null null null null null null null null null null null null null null null null null null null null null null null null null null null 0.4 Dc null null null null Din null 0.5 null Dc - null null null null null null null null null null null null null null null null null null null null null null null null null null null null null null null null null null null null null null null null null null null null null null null null null null null null null null null null null null null null null null null null null null null null null null null null null null null null null null null null null null null null null null null null null null null null null null null null null null null null null null null null null null null null null null null null Dcn null null null null null null null null null null null null null null null null null null null null null null null null null null null null null ;34842.106521661626;69642.28933178674;
+ Math.min / - - Math.min Dcn Din - Math.min Dcn - - null null null null Math.max * - - null null - Dcn Dcn Dcn null null null null null null null null / Math.max - 0.9 Dc Dcn Din 0.9 null null null null Dc Dcn null null null null null null null null null null null null null null null null null null null null null null Dcn Din Dc Dc Din Dcn null null null null null null null null null null null null null null null null null null null null null null null null null null null null null null null null null null null null null null null null null null null null null null null null null null null null null null null null null null null null null null null null null null null null null null null null null null null null null null null null null null null null null null null null null null null null null null null null null null null null null null null null null null null null null null null null null null null null null null null null null null null null null null null null null null null null null null null null null null null null null null null null null null null null null null null null null null null null null null null null null null null null null null null null null null null null null null null null null null ;34846.35767889322;70747.07195243658;
+ - + Math.min Dcn - / - / null null Din Math.max * * Din Dc * Din null null null null null null Math.max + 1.0 + Dcn Dcn null null null null 1.0 + null null null null null null null null null null null null null null + null - Dc null null Dcn - null null null null null null null null null null null null null null Dcn * null null null null null null null null null null null null null null null null null null null null null null null null null null null null Dcn - null null - Math.max null null null null null null null null Din Dc null null null null null null null null null null null null null null null null null null null null null null null null null null null null null null Dcn Dcn null null null null null null null null null null null null null null null null null null null null null null null null null null null null null null null null null null null null null null null null null null null null null null null null null null null null null null null null null null Din Dc null null null null Dcn Din Dcn Dc null null null null null null null null null null null null null null null null null null null null null null null null null null null null null null null null null null null null ;34852.84574846436;70028.49150769172;
- Math.max Math.min Math.min - Math.min - Din - Dc Math.max / Math.sqrt + + null null Dc null null null Math.exp null Dcn 0.5 Math.exp null / Dcn - Math.sqrt null null null null null null null null null null null null - null null null null null null null Dcn null null null Din / null null Dcn null Dcn null null null null null null null null null null null null null null null null null null null null null null null null null Math.max + null null null null null null null null null null null null null null null null null null null null null null null null Dcn 0.2 null null null null null null null null null null null null null null null null null null null null null null null null null null null null null null null null null null null null null null null null null null null null null null null null null null null null null null null null null null null null Dcn Dc Din Din null null null null null null null null null null null null null null null null null null null null null null null null null null null null null null null null null null null null null null null null null null null null null null null null null null null null null null null null null null null null null null null null null null null null null null null null null null null null ;34855.24883045406;69928.40441189312;
Math.min + - / + + Dcn Dc - / - - Math.min null null null null - Dc Dc - - null - null Math.min Din null null null null null null null null Dcn Din null null null null - 0.6 Dcn Math.min null null Dcn Din null null Din - null null null null null null null null null null null null null null null null null null null null null null null null null null null null null null Dcn Din null null null null Din - null null null null null null null null null null null null null null Dc Dcn null null null null null null null null null null null null null null null null null null null null null null null null null null null null null null null null null null null null null null null null null null null null null null null null null null null null null null null null null null null null null null null null null null null null null null null null null null Dc Dcn null null null null null null null null null null null null null null null null null null null null null null null null null null null null null null null null null null null null null null null null null null null null null null null null null null null null null null null null null null null null null null null null null null null null null null null null ;34866.34314975016;70560.51886290152;
/ + + - Math.min - * - Dcn - Dcn - Math.min - Din - 0.5 null null / Dcn null null / - - Dcn / - null null Dc 0.2 null null null null null null + Dc null null null null null null Din 0.1 Dc - - Dcn null null Din 0.1 - Dcn null null null null null null null null null null null null null null null null null null null null Dc Math.min null null null null null null null null null null null null null null null null null null null null Dcn 0.1 Dc Dcn null null null null null null null null null null Dc Dcn null null null null null null null null null null null null null null null null null null null null null null null null null null null null null null null null null null null null null null null null null null null null Dc Dc null null null null null null null null null null null null null null null null null null null null null null null null null null null null null null null null null null null null null null null null null null null null null null null null null null null null null null null null null null null null null null null null null null null null null null null null null null null null null null null null null null null null null null null null null null null null ;34869.756248822356;69855.06817304948;
- Math.min + + - Dc - Dcn Din Math.min + null null - - null null null null Din Dc Math.max Math.min null null null null Math.min - Dc Dcn null null null null null null null null null null null null Math.min Math.max Dcn Dc null null null null null null null null Dcn Dcn Math.min + null null null null null null null null null null null null null null null null null null null null null null null null null null null null Dc Dc Math.min Din null null null null null null null null null null null null null null null null null null null null null null null null Din Dc Math.max Math.min null null null null null null null null null null null null null null null null null null null null null null null null null null null null null null null null null null null null null null null null null null null null null null null null null null null null null null null null null null null null Dcn Dcn null null null null null null null null null null null null null null null null null null null null null null null null null null null null null null null null null null null null null null null null null null null null null null null null null null null null null null Dc Din Dcn Dcn null null null null null null null null null null null null null null null null ;34875.86338619034;69913.39299396507;
+ + - Math.min Math.max - + 0.3 + Dcn Dc - Math.max Dcn Math.max null null Dc - null null null null Din Dcn - Math.max null null Math.max Dc null null null null null null - + null null null null null null null null null null null null 0.5 Dc Dc Math.max null null null null Math.max Din null null null null null null null null null null null null null null - Math.max Dcn Math.max null null null null null null null null null null null null null null null null null null null null null null null null null null null null null null Dcn Din null null null null null null null null 0.0 Math.max null null null null null null null null null null null null null null null null null null null null null null null null null null null null null null 0.0 Dcn Dc Din null null Din Dc null null null null null null null null null null null null null null null null null null null null null null null null null null null null null null null null null null null null null null null null null null null null null null null null null null null null null null null null null null null null null null null null null null null null null null null null null null null null null null null null null null 0.0 Dc null null null null null null null null null null null null ;34875.86338619034;69913.39299396507;
- + Dcn - Math.min null null * + Math.min - null null null null 0.9 - Din Dcn / - + + null null null null null null null null null null - Dcn null null null null - 0.6 - Dcn Din Dcn Din - null null null null null null null null null null null null null null null null null null null null Dc Din null null null null null null null null null null * Dc null null Dc + null null null null null null null null Dc Dcn null null null null null null null null null null null null null null null null null null null null null null null null null null null null null null null null null null null null null null null null null null null null null null null null null null null null null null null null null null null null null null null null Din 0.6 null null null null null null null null Din 0.6 null null null null null null null null null null null null null null null null null null null null null null null null null null null null null null null null null null null null null null null null null null null null null null null null null null null null null null null null null null null null null null null null null null null null null null null null null null null null null null null null null null null null ;34876.14130392868;69934.16620939776;
+ Din / null null * Math.min null null null null + * Math.log 0.4 null null null null null null null null Math.max Din + - Math.max null null null null null null null null null null null null null null null null null null null Dc 0.2 null null Math.max Din - Dcn Dcn 0.2 null null null null null null null null null null null null null null null null null null null null null null null null null null null null null null null null null null null null null null null null null null null null null null Dc Dcn null null Dc Dcn null null null null null null null null null null null null null null null null null null null null null null null null null null null null null null null null null null null null null null null null null null null null null null null null null null null null null null null null null null null null null null null null null null null null null null null null null null null null null null null null null null null null null null null null null null null null null null null null null null null null null null null null null null null null null null null null null null null null null null null null null null null null null null null null null null null null null null null null null null null null null null null null null null ;34888.14936114241;69844.16592224743;
- Math.min / + - + Dc Dc + Math.min / Dc + null null null null Dc - + Math.max + + null null Din + null null null null null null null null null null - Dcn - 0.8 0.8 Din Dc + Din 0.3 null null null null null null Dcn + null null null null null null null null null null null null null null null null null null null null Dc Dcn null null - Dcn null null null null null null null null Din 0.3 null null null null null null null null null null null null null null null null null null Din + null null null null null null null null null null null null null null null null null null null null null null null null null null null null null null null null null null null null null null null null null null null null null null null null Dc Dcn null null null null null null null null null null null null null null null null null null null null null null null null null null null null null null null null null null null null null null null null null null null null null null null null null null null null null null null null null null null null Din 0.8 null null null null null null null null null null null null null null null null null null null null null null null null null null null null null null null null ;34889.2717305028;69771.49281057307;
- * Math.max - - Dcn - Din * 0.9 Dcn null null + * null null Math.min / null null null null null null null null - Dc Math.min / null null null null 0.9 - Din Dcn null null null null null null null null null null null null null null null null Dcn 0.6 null null + - Din * null null null null null null null null null null * Din null null null null null null null null null null null null null null null null null null null null null null null null null null null null null null null null null null null null null null null null null null null null Dc Dcn * Din null null Dc 0.6 null null null null null null null null null null null null null null null null null null null null Dc 0.6 null null null null null null null null null null null null null null null null null null null null null null null null null null null null null null null null null null null null null null null null null null null null null null null null null null null null null null null null null null null null null null null null null null null null null null null null null null null null null null null null null null null null null null null null null null null null null null Dc 0.6 null null null null null null null null null null ;34892.93449164616;69527.13278080498;
- Math.min - Math.min Dcn Math.max - Math.min Dcn null null Dc - Math.min Dcn Math.max - null null null null null null null null Dc Math.min Dc Math.min null null * - Dc Din null null null null null null null null null null null null null null null null null null Math.min Math.min null null - - null null null null Dc Din Dc Dcn null null null null null null null null null null null null null null null null null null null null null null null null null null null null null null null null null null null null null null null null Din - Din - null null null null Dc Math.log Dc Dcn null null null null null null null null null null null null null null null null null null null null null null null null null null null null null null null null null null null null null null null null null null null null null null null null null null null null null null null null null null null null null null null null null null null null null null null null null null null null null null null null null null null null null null null null null null null null null null null null null null Dc Dcn null null Din Dc null null null null null null null null null null Dc null null null null null null null null null null null null null null null null null null null null null ;34903.99884077176;69955.99746999239;
- Math.max - Math.sqrt / + Dc Dc null Math.sqrt 0.7 / Math.max null null null null null null Dc null null null Math.max 0.7 + null null null null null null null null null null null null null null null null null null null null null Din / null null Dcn Dcn null null null null null null null null null null null null null null null null null null null null null null null null null null null null null null null null null null null null null null null null null null null null Dc Math.exp null null null null null null null null null null null null null null null null null null null null null null null null null null null null null null null null null null null null null null null null null null null null null null null null null null null null null null null null null null null null null null null null null null null null null null null null null null null null null null null null null null null null null null null null null null null null null null null null null null 0.1 null null null null null null null null null null null null null null null null null null null null null null null null null null null null null null null null null null null null null null null null null null null null null null null null null null null null null null null null null ;34905.83820302368;70063.18938576843;
- * + - + - - * Dcn * Din + Dcn + Dcn - + null null * 0.9 null null 0.3 + null null - Dcn null null - Dcn * Din null null null null Dcn 0.9 null null null null null null null null Din Math.max null null null null - Dcn null null null null null null Dc Dcn null null Din 0.9 null null null null null null null null null null null null null null null null null null null null null null null null null null null null null null null null Din Dcn null null null null null null null null Dc Dcn null null null null null null null null null null null null null null null null null null null null null null null null null null null null null null null null null null null null null null null null null null null null null null null null null null null null null null null null null null null null null null null null null null null null null null null null null null null null null null null null null null null null null null null null null null null null null null null null null null null null null null null null null null null null null null null null null null null null null null null null null null null null null null null null null null null null null null null null null null null null null null ;34911.85310404558;69912.17713250719;
* + + Math.min Math.min Din - Math.min Dc + + null null * 0.9 - / null null Dc Math.min - Math.max null null null null 0.8 Dcn null null Din + 0.8 Math.min null null null null null null - null 0.9 + Dc Dc null null null null null null null null null null null null null null null null null null * Dcn null null - null null null null null null null null null null null null null Dc Dcn null null null null Dcn Dcn null null null null null null null null null null null null null null null null null null null null null null null null null null null null null null null null null null null null null null null null 0.9 Dcn null null null null null null Dc Dc null null null null null null null null null null null null null null null null null null null null null null null null null null null null null null null null null null null null null null null null null null null null null null null null null null null null null null null null null null null null null null null null null null null null null null null null null null null null null null null null null null null null null null null null null null null null null null null null null null null null null null null null null null null null null null null null null null ;34918.15259865406;70603.46085245538;
* Math.min Math.exp Dc - 0.0 null null null - * null null null null null null null null Math.min Math.max 0.5 Math.max null null null null null null null null null null null null null null null null - Dc Math.min - null null Dcn 0.7 null null null null null null null null null null null null null null null null null null null null null null null null null null null null null null null null Din Dcn null null Dcn Dcn Math.max Din null null null null null null null null null null null null null null null null null null null null null null null null null null null null null null null null null null null null null null null null null null null null null null null null null null null null null null null null null null null null null null null null null null null null null null null null null null null null null null null null null null null null Dc 0.7 null null null null null null null null null null null null null null null null null null null null null null null null null null null null null null null null null null null null null null null null null null null null null null null null null null null null null null null null null null null null null null null null null null null null null null null null null null null null null null null null null null ;34934.896497734095;70464.93729514981;
+ + - * - / Dcn 0.5 Math.max Math.max null * Dcn null null null null Dc 0.5 Math.max Din null null 0.6 * null null null null null null null null null null null null null null Dc Din null null null null null null null null 0.1 Math.max null null null null null null null null null null null null null null null null null null null null null null null null null null null null null null null null null null null null null null null null null null null null null null null null null null Dc Din null null null null null null null null null null null null null null null null null null null null null null null null null null null null null null null null null null null null null null null null null null null null null null null null null null null null null null null null null null null null null null null null null null null null null null null null null null null null null null null null null null null null null null null null null null null null null null null null null null null null null null null null null null null null null null null null null null null null null null null null null null null null null null null null null null null null null null null null null null null null null null null null null null null null null null null null ;34937.971595426636;69976.42448564102;
- + Math.max - Math.min Dcn + - null - Math.max null null * Math.sqrt - Math.sqrt null null 0.5 + * Math.min null null null null Dcn 0.8 Math.max null Dcn Din Dcn null null null null null null null 1.0 - Dcn - - * null null null null null null null null null null null null Dc Dc null null null null null null null null null null null null null null null null null null null null null null null null 0.9 Dc null null Math.max Dc Din - Din Din null null null null null null null null null null null null null null null null null null null null null null null null null null null null null null null null null null null null null null null null null null null null null null null null null null null null null null null null null null null null null null null null null null null null null null null null null null null null null null null null null null null null 0.1 Dcn null null null null 0.7 Dcn null null null null null null null null null null null null null null null null null null null null null null null null null null null null null null null null null null null null null null null null null null null null null null null null null null null null null null null null null null null null null null null null null null null null ;34941.31969169927;70765.74450290366;
+ Math.min - Math.min Math.min Math.max Math.min - Math.min - Math.min Math.exp null - * Dc Dcn - Math.min Dc Dcn - Din 0.9 null null null * - 0.6 Dcn null null null null Din Dcn Dc Dc null null null null Din Dc null null null null null null null null null null 0.9 - - Dcn null null null null null null null null null null null null null null null null null null null null null null null null null null null null null null null null null null null null null null null null null null null null null null null null null null null null null null Dc Dcn Dc Dcn null null null null null null null null null null null null null null null null null null null null null null null null null null null null null null null null null null null null null null null null null null null null null null null null null null null null null null null null null null null null null null null null null null null null null null null null null null null null null null null null null null null null null null null null null null null null null null null null null null null null null null null null null null null null null null null null null null null null null null null null null null null null null null null null null null null null null null null null null null ;34944.61280812445;70203.46908166555;
Math.min - + Math.max Dc Math.min - + / null null Math.sqrt / - Dcn * / - / null null null null Dcn null Din / Dc Dcn null null 0.8 / Math.max / - Dcn Din - null null null null null null null null null null null null null null Din - null null null null null null null null null null Dc Dcn Din Dcn Dcn Din Dc Dcn null null null null Dc Dcn null null null null null null null null null null null null null null null null null null null null null null null null null null null null null null Dc Dcn null null null null null null null null null null null null null null null null null null null null null null null null null null null null null null null null null null null null null null null null null null null null null null null null null null null null null null null null null null null null null null null null null null null null null null null null null null null null null null null null null null null null null null null null null null null null null null null null null null null null null null null null null null null null null null null null null null null null null null null null null null null null null null null null null null null null null null null null null null null null null null null null ;34946.203340619955;69773.26761440921;
* / - + Math.min Dcn Math.max - Dc - - null null - - Din Math.max null null - + - Math.sqrt null null null null - Din Dc Dcn null null Math.min Math.min null null null null - Din - Math.min Math.max Math.sqrt Math.sqrt null null null null null null null null null 0.2 0.5 null null null null null null null null null null Din null Din null null null null null null null null null Dc Dcn null null Din Din Dcn Dcn Math.max null Math.sqrt null Dcn null null null null null null null null null null null null null null null null null null null null null null null null null null null null null null null null null null null null null null null null null null null null null null null null null null null null null null null null null null null null null null null null null null null null null null null null null null null null null null null null null null null 0.3 null null null Dcn null null null null null null null null null null null null null null null null null null null null null null null null null null null null null null null null null null null null null null null null null null null null null null null null null null null null null null null null null null null null null null null null null null null null null null null null null null null ;34949.44170123697;70171.17752023137;
+ - Math.min * - Math.max Math.max Dc / Math.sqrt - Math.min null Math.min null null null - * * null Math.log null Din - null null Din - null null null null null null Dc Dcn Dcn Dcn Dcn Dcn null null Math.max null null null null null Dc / null null null null null null Dc Dcn null null null null null null null null null null null null null null null null null null null null null null null null null null null null Dc * null null null null null null null null null null null null Din * null null null null null null null null null null null null null null null null null null null null null null null null null null null null null null null null null null null null null null null null null null null null null null null null null null null null null null null null null null null null null null null null null null null null null null null null null null Din Dcn null null null null null null null null null null null null null null null null null null null null null null null null null null Dcn Dc null null null null null null null null null null null null null null null null null null null null null null null null null null null null null null null null null null null null null null null null null null null null null null null null ;34953.08821391844;69862.47687392676;
- - Math.max - / / / Math.min Dcn Dc - Dc Din Dc - - Din null null null null 0.5 Dcn null null null null null null Dc Dcn Dc Dcn null null null null null null null null null null null null null null null null null null null null null null null null null null null null null null null null null null null null null null null null null null null null null null null null null null null null null null null null null null null null null null null null null null null null null null null null null null null null null null null null null null null null null null null null null null null null null null null null null null null null null null null null null null null null null null null null null null null null null null null null null null null null null null null null null null null null null null null null null null null null null null null null null null null null null null null null null null null null null null null null null null null null null null null null null null null null null null null null null null null null null null null null null null null null null null null null null null null null null null null null null null null null null null null null null null null null null null null null null null null null null null ;34960.695019590785;70080.49933433237;
+ * Math.min 1.0 Math.min - - null null Din - / - / Dcn null null null null null null Dcn - Dc - Dcn 1.0 Dcn - null null null null null null null null null null null null null null null null + Dc null null Dcn 1.0 null null null null null null Dcn Dc null null null null null null null null null null null null null null null null null null null null null null null null null null null null null null null null + - null null null null null null null null null null null null null null null null null null null null null null null null null null null null null null null null null null null null null null null null null null null null null null null null null null null null null null null null null null null null null null null null null null null null null null null null null null null null null null null null null null null null null null null null null null Dcn 0.1 Dcn 1.0 null null null null null null null null null null null null null null null null null null null null null null null null null null null null null null null null null null null null null null null null null null null null null null null null null null null null null null null null null null null null null null null null null null null null ;34971.38114923367;70317.60541474535;
+ * - 0.6 Dc / Dcn null null null null - 0.6 null null null null null null null null null null / Math.max null null null null null null null null null null null null null null null null null null null null null null + Dcn * Math.max null null null null null null null null null null null null null null null null null null null null null null null null null null null null null null null null null null null null null null null null null null null null Dc * null null * 0.6 Math.max Din null null null null null null null null null null null null null null null null null null null null null null null null null null null null null null null null null null null null null null null null null null null null null null null null null null null null null null null null null null null null null null null null null null null null null null null null null null null null null null null null null null null null null null null null null null 0.6 Dc null null null null 0.6 Dc null null Dcn Dc null null null null null null null null null null null null null null null null null null null null null null null null null null null null null null null null null null null null null null null null null null null null null null null null null null ;34981.143984704504;69546.81260216811;
- / Math.max - - Dc Din - Dcn + Math.log null null null null Dc Dcn null null 0.9 Math.max Math.sqrt null null null null null null null null null null null null null null null null null null null / null Math.min null null null null null null null null null null null null null null null null null null null null null null null null null null null null null null null null null null null null null null null Dcn Dcn null null 0.7 0.9 null null null null null null null null null null null null null null null null null null null null null null null null null null null null null null null null null null null null null null null null null null null null null null null null null null null null null null null null null null null null null null null null null null null null null null null null null null null null null null null null null null null null null null null null null null null null null null null null null null null null null null null null null null null null null null null null null null null null null null null null null null null null null null null null null null null null null null null null null null null null null null null null null null null null null null null null null null null null null null null null null null null null null null ;34991.83243010807;69752.7385413977;
- - Math.max + Math.min Dcn - - - + 0.1 null null Dc Din Dc Math.max 0.1 Dcn Dc - null null null null null null null null null null null null Dc * null null null null null null 0.1 Math.log null null null null null null null null null null null null null null null null null null null null null null null null null null Din 0.9 null null null null null null null null null null null null null null Din null null null null null null null null null null null null null null null null null null null null null null null null null null null null null null null null null null null null null null null null null null null null null null null null null null null null null null null null null null null null null null null null null null null null null null null null null null null null null null null null null null null null null null null null null null null null null null null null null null null null null null null null null null null null null null null null null null null null null null null null null null null null null null null null null null null null null null null null null null null null null null null null null null null null null null null null null null null null null null null null null null null null null null null null null ;34999.65262529403;69503.55468214791;
